{
  "test_mape": 3.2645503497058104,
  "test_rmse": 3.640492506156418,
  "test_mae": 2.6236497305309046,
  "best": {
    "trial": 34,
    "latent": 20,
    "ae_epochs": 260,
    "ae_lr": 0.0025,
    "hidden": 2048,
    "ensemble": 11,
    "reg": 0.001,
    "val_mape": 3.829025244627946,
    "val_rmse": 4.327385623305215
  }
}