{
  "top3": [
    {
      "rank": 1,
      "latent": 20,
      "epochs": 280,
      "lr": 0.0025,
      "hidden": 1792,
      "ensemble": 11,
      "reg": 0.001,
      "val_mape": 3.903368532643069,
      "val_rmse": 4.36480448740665,
      "test_mape": 3.5105011057153748,
      "test_rmse": 3.860586843636277,
      "test_mae": 2.8234933788108174
    },
    {
      "rank": 2,
      "latent": 20,
      "epochs": 280,
      "lr": 0.0027,
      "hidden": 1792,
      "ensemble": 15,
      "reg": 0.001,
      "val_mape": 3.914563089769431,
      "val_rmse": 4.611565186608449,
      "test_mape": 3.5774312586401633,
      "test_rmse": 4.045477542302179,
      "test_mae": 2.9264673073800704
    },
    {
      "rank": 3,
      "latent": 24,
      "epochs": 280,
      "lr": 0.003,
      "hidden": 1792,
      "ensemble": 15,
      "reg": 0.001,
      "val_mape": 3.9612837094764033,
      "val_rmse": 4.496702635576138,
      "test_mape": 3.511017378505321,
      "test_rmse": 3.890257691162342,
      "test_mae": 2.795139914824656
    }
  ],
  "best_test": {
    "rank": 1,
    "latent": 20,
    "epochs": 280,
    "lr": 0.0025,
    "hidden": 1792,
    "ensemble": 11,
    "reg": 0.001,
    "val_mape": 3.903368532643069,
    "val_rmse": 4.36480448740665,
    "test_mape": 3.5105011057153748,
    "test_rmse": 3.860586843636277,
    "test_mae": 2.8234933788108174
  }
}